{"cameraMode":{"drawMode":0,"name":"Shaded","section":"Shading Mode"},"sceneLighting":false,"audioPlay":false,"sceneViewState":{"showFog":true,"showMaterialUpdate":false,"showSkybox":true,"showFlares":true,"showImageEffects":true,"showParticleSystems":true},"in2DMode":false,"pivot":{"x":0.9129999876022339,"y":0.001750013791024685,"z":-0.14400000870227815},"rotation":{"x":-0.36507245898246767,"y":-0.021483050659298898,"z":0.008427075110375882,"w":-0.9306930303573608},"size":3.4396395683288576,"orthographic":false}