{"cameraMode":{"drawMode":0,"name":"Shaded","section":"Shading Mode"},"sceneLighting":false,"audioPlay":false,"sceneViewState":{"showFog":true,"showMaterialUpdate":false,"showSkybox":true,"showFlares":true,"showImageEffects":true,"showParticleSystems":true},"in2DMode":false,"pivot":{"x":1.1334606409072877,"y":-1.5263904333114625,"z":0.7521959543228149},"rotation":{"x":-0.4298296570777893,"y":0.006249046418815851,"z":-0.002974763046950102,"w":-0.9028835296630859},"size":3.7603600025177,"orthographic":false}