{"cameraMode":{"drawMode":0,"name":"Shaded","section":"Shading Mode"},"sceneLighting":true,"audioPlay":false,"sceneViewState":{"showFog":true,"showMaterialUpdate":false,"showSkybox":true,"showFlares":true,"showImageEffects":true,"showParticleSystems":true},"in2DMode":false,"pivot":{"x":-0.04155772924423218,"y":0.8701012134552002,"z":2.466639518737793},"rotation":{"x":0.06455525010824204,"y":0.1807093769311905,"z":0.011887654662132264,"w":-0.981343686580658},"size":1.402195692062378,"orthographic":false}