{"cameraMode":{"drawMode":0,"name":"Shaded","section":"Shading Mode"},"sceneLighting":true,"audioPlay":false,"sceneViewState":{"showFog":true,"showMaterialUpdate":false,"showSkybox":true,"showFlares":true,"showImageEffects":true,"showParticleSystems":true},"in2DMode":false,"pivot":{"x":-1.103248119354248,"y":-0.47606587409973147,"z":2.219372510910034},"rotation":{"x":-0.14499476552009583,"y":0.4664754569530487,"z":-0.07782414555549622,"w":-0.8690918684005737},"size":5.647826671600342,"orthographic":false}