{"cameraMode":{"drawMode":0,"name":"Shaded","section":"Shading Mode"},"sceneLighting":false,"audioPlay":false,"sceneViewState":{"showFog":true,"showMaterialUpdate":false,"showSkybox":true,"showFlares":true,"showImageEffects":true,"showParticleSystems":true},"in2DMode":false,"pivot":{"x":1.0997023582458497,"y":0.999187707901001,"z":-0.9403927326202393},"rotation":{"x":-0.36507245898246767,"y":-0.021483050659298898,"z":0.008427075110375882,"w":-0.9306930303573608},"size":0.4396399259567261,"orthographic":false}