{"cameraMode":{"drawMode":0,"name":"Shaded","section":"Shading Mode"},"sceneLighting":true,"audioPlay":false,"sceneViewState":{"showFog":true,"showMaterialUpdate":false,"showSkybox":true,"showFlares":true,"showImageEffects":true,"showParticleSystems":true},"in2DMode":false,"pivot":{"x":0.9365459680557251,"y":1.4421069622039796,"z":0.748083233833313},"rotation":{"x":-0.05512462556362152,"y":0.9448727369308472,"z":-0.22703604400157929,"w":-0.22941571474075318},"size":0.00870126485824585,"orthographic":false}