{"cameraMode":{"drawMode":0,"name":"Shaded","section":"Shading Mode"},"sceneLighting":true,"audioPlay":false,"sceneViewState":{"showFog":true,"showMaterialUpdate":false,"showSkybox":true,"showFlares":true,"showImageEffects":true,"showParticleSystems":true},"in2DMode":false,"pivot":{"x":0.6070554256439209,"y":0.5064306259155273,"z":0.8139345645904541},"rotation":{"x":-0.2158154398202896,"y":0.3283673822879791,"z":-0.07733894884586334,"w":-0.9163063168525696},"size":1.754765510559082,"orthographic":false}